Name,Category_CodingScheme,Category_CodeValue,Category_CodeMeaning,Type_CodingScheme,Type_CodeValue,Type_CodeMeaning,TypeModifier_CodingScheme,TypeModifier_CodeValue,TypeModifier_CodeMeaning,Region_CodingScheme,Region_CodeValue,Region_CodeMeaning,RegionModifier_CodingScheme,RegionModifier_CodeValue,RegionModifier_CodeMeaning,Color_R,Color_G,Color_B,,
spleen,SCT,123037004,Anatomical Structure,SCT,78961009,Spleen,,,,,,,,,,157,108,162,,
kidney_right,SCT,123037004,Anatomical Structure,SCT,64033007,Kidney,SCT,24028007,Right,,,,,,,212,126,151,,
kidney_left,SCT,123037004,Anatomical Structure,SCT,64033007,Kidney,SCT,7771000,Left,,,,,,,212,126,151,,
gallbladder,SCT,123037004,Anatomical Structure,SCT,28231008,Gallbladder,,,,,,,,,,139,150,98,,
liver,SCT,123037004,Anatomical Structure,SCT,10200004,Liver,,,,,,,,,,221,130,101,,
stomach,SCT,123037004,Anatomical Structure,SCT,69695003,Stomach,,,,,,,,,,160,139,76,,
aorta,SCT,123037004,Anatomical Structure,SCT,15825003,Aorta,,,,,,,,,,224,97,76,,
inferior_vena_cava,SCT,123037004,Anatomical Structure,SCT,64131007,Inferior vena cava,,,,,,,,,,110,165,54,,
portal_vein_and_splenic_vein,SCT,123037004,Anatomical Structure,SCT,110765007,Portal vein and splenic vein,,,,,,,,,,0,151,206,,
pancreas,SCT,123037004,Anatomical Structure,SCT,15776009,Pancreas,,,,,,,,,,249,180,111,,
adrenal_gland_right,SCT,123037004,Anatomical Structure,SCT,23451007,Adrenal gland,SCT,24028007,Right,,,,,,,199,27,27,,
adrenal_gland_left,SCT,123037004,Anatomical Structure,SCT,23451007,Adrenal gland,SCT,7771000,Left,,,,,,,199,27,27,,
lung_upper_lobe_left,SCT,123037004,Anatomical Structure,SCT,45653009,Upper lobe of lung,SCT,7771000,Left,,,,,,,112,162,95,,
lung_lower_lobe_left,SCT,123037004,Anatomical Structure,SCT,90572001,Lower lobe of lung,SCT,7771000,Left,,,,,,,242,150,232,,
lung_upper_lobe_right,SCT,123037004,Anatomical Structure,SCT,45653009,Upper lobe of lung,SCT,24028007,Right,,,,,,,173,69,44,,
lung_middle_lobe_right,SCT,123037004,Anatomical Structure,SCT,72481006,Middle lobe of right lung,,,,,,,,,,202,164,140,,
lung_lower_lobe_right,SCT,123037004,Anatomical Structure,SCT,90572001,Lower lobe of lung,SCT,24028007,Right,,,,,,,212,191,32,,
vertebrae_L5,SCT,123037004,Anatomical Structure,SCT,49668003,L5 vertebra,,,,,,,,,,117,78,55,,
vertebrae_L4,SCT,123037004,Anatomical Structure,SCT,11994002,L4 vertebra,,,,,,,,,,255,255,128,,
vertebrae_L3,SCT,123037004,Anatomical Structure,SCT,36470004,L3 vertebra,,,,,,,,,,157,126,0,,
vertebrae_L2,SCT,123037004,Anatomical Structure,SCT,14293000,L2 vertebra,,,,,,,,,,255,144,32,,
vertebrae_L1,SCT,123037004,Anatomical Structure,SCT,66794005,L1 vertebra,,,,,,,,,,255,255,1,,
vertebrae_T12,SCT,123037004,Anatomical Structure,SCT,23215003,T12 vertebra,,,,,,,,,,166,89,255,,
vertebrae_T11,SCT,123037004,Anatomical Structure,SCT,12989004,T11 vertebra,,,,,,,,,,16,164,144,,
vertebrae_T10,SCT,123037004,Anatomical Structure,SCT,7610001,T10 vertebra,,,,,,,,,,26,97,228,,
vertebrae_T9,SCT,123037004,Anatomical Structure,SCT,82687006,T9 vertebra,,,,,,,,,,96,188,62,,
vertebrae_T8,SCT,123037004,Anatomical Structure,SCT,11068009,T8 vertebra,,,,,,,,,,164,216,199,,
vertebrae_T7,SCT,123037004,Anatomical Structure,SCT,62487009,T7 vertebra,,,,,,,,,,109,0,145,,
vertebrae_T6,SCT,123037004,Anatomical Structure,SCT,45296009,T6 vertebra,,,,,,,,,,88,119,255,,
vertebrae_T5,SCT,123037004,Anatomical Structure,SCT,56401006,T5 vertebra,,,,,,,,,,8,82,73,,
vertebrae_T4,SCT,123037004,Anatomical Structure,SCT,73071006,T4 vertebra,,,,,,,,,,73,228,202,,
vertebrae_T3,SCT,123037004,Anatomical Structure,SCT,1626008,T3 vertebra,,,,,,,,,,30,128,188,,
vertebrae_T2,SCT,123037004,Anatomical Structure,SCT,53733008,T2 vertebra,,,,,,,,,,141,186,216,,
vertebrae_T1,SCT,123037004,Anatomical Structure,SCT,64864005,T1 vertebra,,,,,,,,,,0,2,145,,
vertebrae_C7,SCT,123037004,Anatomical Structure,SCT,87391001,C7 vertebra,,,,,,,,,,255,0,0,,
vertebrae_C6,SCT,123037004,Anatomical Structure,SCT,36054005,C6 vertebra,,,,,,,,,,253,134,125,,
vertebrae_C5,SCT,123037004,Anatomical Structure,SCT,36978003,C5 vertebra,,,,,,,,,,118,40,9,,
vertebrae_C4,SCT,123037004,Anatomical Structure,SCT,5329002,C4 vertebra,,,,,,,,,,250,14,116,,
vertebrae_C3,SCT,123037004,Anatomical Structure,SCT,113205007,C3 vertebra,,,,,,,,,,167,117,152,,
vertebrae_C2,SCT,123037004,Anatomical Structure,SCT,39976000,C2 vertebra,,,,,,,,,,193,99,36,,
vertebrae_C1,SCT,123037004,Anatomical Structure,SCT,14806007,C1 vertebra,,,,,,,,,,255,186,107,,
esophagus,SCT,123037004,Anatomical Structure,SCT,32849002,Esophagus,,,,,,,,,,211,171,143,,
trachea,SCT,123037004,Anatomical Structure,SCT,44567001,Trachea,,,,,,,,,,182,228,255,,
heart_myocardium,SCT,123037004,Anatomical Structure,SCT,74281007,Myocardium,,,,,,,,,,192,104,88,,
heart_atrium_left,SCT,123037004,Anatomical Structure,SCT,82471001,Left atrium,,,,,,,,,,221,129,37,,
heart_ventricle_left,SCT,123037004,Anatomical Structure,SCT,87878005,Left ventricle of heart,,,,,,,,,,152,55,13,,
heart_atrium_right,SCT,123037004,Anatomical Structure,SCT,73829009,Right atrium,,,,,,,,,,221,129,37,,
heart_ventricle_right,SCT,123037004,Anatomical Structure,SCT,53085002,Right ventricle of heart,,,,,,,,,,181,85,57,,
pulmonary_artery,SCT,123037004,Anatomical Structure,SCT,81040000,Pulmonary artery,,,,,,,,,,0,122,171,,
brain,SCT,123037004,Anatomical Structure,SCT,12738006,Brain,,,,,,,,,,250,250,225,,
iliac_artery_left,SCT,123037004,Anatomical Structure,SCT,73634005,Common iliac artery,SCT,7771000,Left,,,,,,,217,162,48,,
iliac_artery_right,SCT,123037004,Anatomical Structure,SCT,73634005,Common iliac artery,SCT,24028007,Right,,,,,,,217,162,48,,
iliac_vena_left,SCT,123037004,Anatomical Structure,SCT,46027005,Common iliac vein,SCT,7771000,Left,,,,,,,197,174,37,,
iliac_vena_right,SCT,123037004,Anatomical Structure,SCT,46027005,Common iliac vein,SCT,24028007,Right,,,,,,,197,174,37,,
small_bowel,SCT,123037004,Anatomical Structure,SCT,30315005,Small Intestine,,,,,,,,,,205,167,142,,
duodenum,SCT,123037004,Anatomical Structure,SCT,38848004,Duodenum,,,,,,,,,,255,253,229,,
colon,SCT,123037004,Anatomical Structure,SCT,71854001,Colon,,,,,,,,,,204,168,143,,
rib_left_1,SCT,123037004,Anatomical Structure,SCT,48535007,First rib,SCT,7771000,Left,,,,,,,0,2,145,,
rib_left_2,SCT,123037004,Anatomical Structure,SCT,78247007,Second rib,SCT,7771000,Left,,,,,,,141,186,216,,
rib_left_3,SCT,123037004,Anatomical Structure,SCT,25888004,Third rib,SCT,7771000,Left,,,,,,,30,128,188,,
rib_left_4,SCT,123037004,Anatomical Structure,SCT,25523003,Fourth rib,SCT,7771000,Left,,,,,,,73,228,202,,
rib_left_5,SCT,123037004,Anatomical Structure,SCT,15339008,Fifth rib,SCT,7771000,Left,,,,,,,8,82,73,,
rib_left_6,SCT,123037004,Anatomical Structure,SCT,59558009,Sixth rib,SCT,7771000,Left,,,,,,,88,119,255,,
rib_left_7,SCT,123037004,Anatomical Structure,SCT,24915002,Seventh rib,SCT,7771000,Left,,,,,,,109,0,145,,
rib_left_8,SCT,123037004,Anatomical Structure,SCT,5953002,Eighth rib,SCT,7771000,Left,,,,,,,164,216,199,,
rib_left_9,SCT,123037004,Anatomical Structure,SCT,22565002,Ninth rib,SCT,7771000,Left,,,,,,,96,188,62,,
rib_left_10,SCT,123037004,Anatomical Structure,SCT,77644006,Tenth rib,SCT,7771000,Left,,,,,,,26,97,228,,
rib_left_11,SCT,123037004,Anatomical Structure,SCT,58830002,Eleventh rib,SCT,7771000,Left,,,,,,,16,164,144,,
rib_left_12,SCT,123037004,Anatomical Structure,SCT,43993008,Twelfth rib,SCT,7771000,Left,,,,,,,166,89,255,,
rib_right_1,SCT,123037004,Anatomical Structure,SCT,48535007,First rib,SCT,24028007,Right,,,,,,,0,2,145,,
rib_right_2,SCT,123037004,Anatomical Structure,SCT,78247007,Second rib,SCT,24028007,Right,,,,,,,141,186,216,,
rib_right_3,SCT,123037004,Anatomical Structure,SCT,25888004,Third rib,SCT,24028007,Right,,,,,,,30,128,188,,
rib_right_4,SCT,123037004,Anatomical Structure,SCT,25523003,Fourth rib,SCT,24028007,Right,,,,,,,73,228,202,,
rib_right_5,SCT,123037004,Anatomical Structure,SCT,15339008,Fifth rib,SCT,24028007,Right,,,,,,,8,82,73,,
rib_right_6,SCT,123037004,Anatomical Structure,SCT,59558009,Sixth rib,SCT,24028007,Right,,,,,,,88,119,255,,
rib_right_7,SCT,123037004,Anatomical Structure,SCT,24915002,Seventh rib,SCT,24028007,Right,,,,,,,109,0,145,,
rib_right_8,SCT,123037004,Anatomical Structure,SCT,5953002,Eighth rib,SCT,24028007,Right,,,,,,,164,216,199,,
rib_right_9,SCT,123037004,Anatomical Structure,SCT,22565002,Ninth rib,SCT,24028007,Right,,,,,,,96,188,62,,
rib_right_10,SCT,123037004,Anatomical Structure,SCT,77644006,Tenth rib,SCT,24028007,Right,,,,,,,26,97,228,,
rib_right_11,SCT,123037004,Anatomical Structure,SCT,58830002,Eleventh rib,SCT,24028007,Right,,,,,,,16,164,144,,
rib_right_12,SCT,123037004,Anatomical Structure,SCT,43993008,Twelfth rib,SCT,24028007,Right,,,,,,,166,89,255,,
humerus_left,SCT,123037004,Anatomical Structure,SCT,85050009,Humerus,SCT,7771000,Left,,,,,,,95,229,185,,
humerus_right,SCT,123037004,Anatomical Structure,SCT,85050009,Humerus,SCT,24028007,Right,,,,,,,95,229,185,,
scapula_left,SCT,123037004,Anatomical Structure,SCT,79601000,Scapula,SCT,7771000,Left,,,,,,,199,204,131,,
scapula_right,SCT,123037004,Anatomical Structure,SCT,79601000,Scapula,SCT,24028007,Right,,,,,,,199,204,131,,
clavicula_left,SCT,123037004,Anatomical Structure,SCT,51299004,Clavicle,SCT,7771000,Left,,,,,,,241,188,38,,
clavicula_right,SCT,123037004,Anatomical Structure,SCT,51299004,Clavicle,SCT,24028007,Right,,,,,,,241,188,38,,
femur_left,SCT,123037004,Anatomical Structure,SCT,71341001,Femur,SCT,7771000,Left,,,,,,,130,222,207,,
femur_right,SCT,123037004,Anatomical Structure,SCT,71341001,Femur,SCT,24028007,Right,,,,,,,130,222,207,,
hip_left,SCT,123037004,Anatomical Structure,SCT,29836001,Hip,SCT,7771000,Left,,,,,,,241,214,145,,
hip_right,SCT,123037004,Anatomical Structure,SCT,29836001,Hip,SCT,24028007,Right,,,,,,,241,214,145,,
sacrum,SCT,123037004,Anatomical Structure,SCT,54735007,Sacrum,,,,,,,,,,163,140,140,,
face,SCT,123037004,Anatomical Structure,SCT,89545001,Face,,,,,,,,,,255,182,193,,
gluteus_maximus_left,SCT,123037004,Anatomical Structure,SCT,181674001,Gluteus maximus muscle,SCT,7771000,Left,,,,,,,192,104,88,,
gluteus_maximus_right,SCT,123037004,Anatomical Structure,SCT,181674001,Gluteus maximus muscle,SCT,24028007,Right,,,,,,,192,104,88,,
gluteus_medius_left,SCT,123037004,Anatomical Structure,SCT,78333006,Gluteus medius muscle,SCT,7771000,Left,,,,,,,192,104,88,,
gluteus_medius_right,SCT,123037004,Anatomical Structure,SCT,78333006,Gluteus medius muscle,SCT,24028007,Right,,,,,,,192,104,88,,
gluteus_minimus_left,SCT,123037004,Anatomical Structure,SCT,75297007,Gluteus minius muscle,SCT,7771000,Left,,,,,,,192,104,88,,
gluteus_minimus_right,SCT,123037004,Anatomical Structure,SCT,75297007,Gluteus minius muscle,SCT,24028007,Right,,,,,,,192,104,88,,
autochthon_left,SCT,123037004,Anatomical Structure,SCT,244849004,Deep muscle of back,SCT,7771000,Left,,,,,,,192,104,88,,
autochthon_right,SCT,123037004,Anatomical Structure,SCT,244849004,Deep muscle of back,SCT,24028007,Right,,,,,,,192,104,88,,
iliopsoas_left,SCT,123037004,Anatomical Structure,SCT,68455001,Iliopsoas muscle,SCT,7771000,Left,,,,,,,192,104,88,,
iliopsoas_right,SCT,123037004,Anatomical Structure,SCT,68455001,Iliopsoas muscle,SCT,24028007,Right,,,,,,,192,104,88,,
urinary_bladder,SCT,123037004,Anatomical Structure,SCT,89837001,Urinary bladder,,,,,,,,,,222,154,132,,
thyroid_gland,SCT,123037004,Anatomical Structure,SCT,69748006,Thyroid gland,,,,,,,,,,,,,,
prostate,SCT,123037004,Anatomical Structure,SCT,41216001,Prostate,,,,,,,,,,,,,,
kidney_cyst_left,SCT,49755003,Morphologically Altered Structure,SCT,367643001,Cyst,,,,SCT,64033007,Kidney,SCT,7771000,Left,,,,,
kidney_cyst_right,SCT,49755003,Morphologically Altered Structure,SCT,367643001,Cyst,,,,SCT,64033007,Kidney,SCT,24028007,Right,,,,,
vertebrae_S1,SCT,123037004,Anatomical Structure,SCT,65985001,S1 vertebra,,,,,,,,,,,,,,
heart,SCT,123037004,Anatomical Structure,SCT,80891009,Heart,,,,,,,,,,,,,,
pulmonary_vein,SCT,123037004,Anatomical Structure,SCT,122972007,Pulmonary vein,,,,,,,,,,,,,,
brachiocephalic_trunk,SCT,123037004,Anatomical Structure,SCT,12691009,Brachiocephalic artery,,,,,,,,,,,,,,
subclavian_artery_right,SCT,123037004,Anatomical Structure,SCT,29700009,Subclavian artery,SCT,24028007,Right,,,,,,,,,,,
subclavian_artery_left,SCT,123037004,Anatomical Structure,SCT,29700009,Subclavian artery,SCT,7771000,Left,,,,,,,,,,,
common_carotid_artery_right,SCT,123037004,Anatomical Structure,SCT,32062004,Common carotid artery,SCT,24028007,Right,,,,,,,,,,,
common_carotid_artery_left,SCT,123037004,Anatomical Structure,SCT,32062004,Common carotid artery,SCT,7771000,Left,,,,,,,,,,,
brachiocephalic_vein_left,SCT,123037004,Anatomical Structure,SCT,8887007,Brachiocephalic vein,SCT,7771000,Left,,,,,,,,,,,
brachiocephalic_vein_right,SCT,123037004,Anatomical Structure,SCT,8887007,Brachiocephalic vein,SCT,24028007,Right,,,,,,,,,,,
atrial_appendage_left,SCT,123037004,Anatomical Structure,SCT,68786006,Auricular appendage,SCT,7771000,Left,,,,,,,,,,,
superior_vena_cava,SCT,123037004,Anatomical Structure,SCT,48345005,Superior vena cava,,,,,,,,,,,,,,
spinal_cord,SCT,123037004,Anatomical Structure,SCT,2748008,Spinal cord,,,,,,,,,,,,,,
skull,SCT,123037004,Anatomical Structure,SCT,89546000,Skull,,,,,,,,,,,,,,
sternum,SCT,123037004,Anatomical Structure,SCT,56873002,Sternum,,,,,,,,,,,,,,
costal_cartilages,SCT,123037004,Anatomical Structure,SCT,50016007,Costal cartilage,,,,,,,,,,,,,,
lung_left,SCT,123037004,Anatomical Structure,SCT,39607008,Lung,SCT,7771000,Left,,,,,,,,,,,
lung_right,SCT,123037004,Anatomical Structure,SCT,39607008,Lung,SCT,24028007,Right,,,,,,,,,,,
vertebrae,SCT,123037004,Anatomical Structure,SCT,51282000,Vertebra,,,,,,,,,,,,,,
intervertebral_discs,SCT,123037004,Anatomical Structure,SCT,360499006,Intervertebral disc,,,,,,,,,,,,,,
fibula,SCT,123037004,Anatomical Structure,SCT,87342007,Fibula,,,,,,,,,,,,,,
tibia,SCT,123037004,Anatomical Structure,SCT,12611008,Tibia,,,,,,,,,,,,,,
quadriceps_femoris_left,SCT,123037004,Anatomical Structure,SCT,21989003,Quadriceps femoris muscle,,,,,,,,,,,,,,
quadriceps_femoris_right,SCT,123037004,Anatomical Structure,SCT,21989003,Quadriceps femoris muscle,,,,,,,,,,,,,,
thigh_medial_compartment_left,SCT,123037004,Anatomical Structure,SCT,1179657002,Structure of medial muscle of thigh,SCT,7771000,Left,,,,,,,,,,,
thigh_medial_compartment_right,SCT,123037004,Anatomical Structure,SCT,1179657002,Structure of medial muscle of thigh,SCT,24028007,Right,,,,,,,,,,,
thigh_posterior_compartment_left,SCT,123037004,Anatomical Structure,SCT,128511007,Posterior muscle of thigh structure,SCT,7771000,Left,,,,,,,,,,,
thigh_posterior_compartment_right,SCT,123037004,Anatomical Structure,SCT,128511007,Posterior muscle of thigh structure,SCT,24028007,Right,,,,,,,,,,,
sartorius_left,SCT,123037004,Anatomical Structure,SCT,12595009,Sartorius muscle,SCT,7771000,Left,,,,,,,,,,,
sartorius_right,SCT,123037004,Anatomical Structure,SCT,12595009,Sartorius muscle,SCT,24028007,Right,,,,,,,,,,,
lung_vessels,SCT,123037004,Anatomical Structure,SCT,59820001,Blood vessel,,,,SCT,39607008,Lung,,,,,,,,
lung_trachea_bronchia,SCT,123037004,Anatomical Structure,SCT,110726009,Trachea and bronchus,,,,,,,,,,,,,,
lung_covid_infiltrate,SCT,49755003,Morphologically Altered Structure,SCT,47351003,Infiltrate,SCT,840539006,COVID-19,SCT,39607008,Lung,,,,,,,,
intracerebral_hemorrhage,SCT,49755003,Morphologically Altered Structure,SCT,50960005,Hemorrhage,,,,SCT,12738006,Brain,,,,,,,,
hip_implant,SCT,260787004,Physical object,SCT,40388003,Implant,,,,SCT,24136001,Hip joint,,,,,,,,
coronary_arteries,SCT,123037004,Anatomical Structure,SCT,41801008,Coronary artery,,,,,,,,,,,,,,
body_trunc,SCT,123037004,Anatomical Structure,SCT,22943007,Trunk,,,,,,,,,,,,,,
body_extremities,SCT,123037004,Anatomical Structure,SCT,66019005,Limb,,,,,,,,,,,,,,
pleural_effusion,SCT,49755003,Morphologically Altered Structure,SCT,41699000,Effusion,,,,SCT,91381003,Pleural cavity,,,,,,,,
pericardial_effusion,SCT,49755003,Morphologically Altered Structure,SCT,41699000,Effusion,,,,SCT,25489000,Pericardial cavity,,,,,,,,
liver_vessels,SCT,123037004,Anatomical Structure,SCT,59820001,Blood vessel,,,,SCT,10200004,Liver,,,,,,,,
liver_tumor,SCT,49755003,Morphologically Altered Structure,SCT,108369006,Neoplasm,,,,SCT,10200004,Liver,,,,,,,,
vertebrae_body,SCT,123037004,Anatomical Structure,SCT,3572006,Vertebral body,,,,,,,,,,,,,,
patella,SCT,123037004,Anatomical Structure,SCT,64234005,Patella,,,,,,,,,,,,,,
tarsal,SCT,123037004,Anatomical Structure,SCT,108371006,Tarsal bones,,,,,,,,,,,,,,
metatarsal,SCT,123037004,Anatomical Structure,SCT,53884002,Metatarsal,,,,,,,,,,,,,,
phalanges_feet,SCT,123037004,Anatomical Structure,SCT,28641004,Phalanx structure,,,,,,,,,,,,,,
ulna,SCT,123037004,Anatomical Structure,SCT,23416004,Ulna,,,,,,,,,,,,,,
radius,SCT,123037004,Anatomical Structure,SCT,62413002,Radius,,,,,,,,,,,,,,
carpal,SCT,123037004,Anatomical Structure,SCT,83936004,Carpus,,,,,,,,,,,,,,
metacarpal,SCT,123037004,Anatomical Structure,SCT,36455000,Metacarpal bones,,,,,,,,,,,,,,
phalanges_hand,SCT,123037004,Anatomical Structure,SCT,28641004,Phalanx structure,,,,,,,,,,,,,,
humerus,SCT,123037004,Anatomical Structure,SCT,85050009,Humerus,,,,,,,,,,,,,,
femur,SCT,123037004,Anatomical Structure,SCT,71341001,Femur,,,,,,,,,,,,,,
subcutaneous_fat,SCT,85756007,Tissue,SCT,67769002,Subcutaneous fatty tissue,,,,,,,,,,,,,,
torso_fat,SCT,85756007,Tissue,SCT,55603005,Fat,,,,SCT,22943007,Trunk,,,,,,,,
skeletal_muscle,SCT,123037004,Anatomical Structure,SCT,127954009,Skeletal muscle,,,,,,,,,,,,,,
intermuscular_fat,SCT,123037004,Anatomical Structure,SCT,55603005,Fat,,,,SCT,71616004,Muscle,,,,,,,,
medial_pterygoid_right,SCT,123037004,Anatomical Structure,SCT,85002005,Medial pterygoid muscle,SCT,24028007,Right,,,,,,,,,,,
medial_pterygoid_left,SCT,123037004,Anatomical Structure,SCT,85002005,Medial pterygoid muscle,SCT,7771000,Left,,,,,,,,,,,
lateral_pterygoid_right,SCT,123037004,Anatomical Structure,SCT,88938001,Lateral pterygoid muscle,SCT,24028007,Right,,,,,,,,,,,
lateral_pterygoid_left,SCT,123037004,Anatomical Structure,SCT,88938001,Lateral pterygoid muscle,SCT,7771000,Left,,,,,,,,,,,
masseter_right,SCT,123037004,Anatomical Structure,SCT,79368004,Masseter muscle,SCT,24028007,Right,,,,,,,,,,,
masseter_left,SCT,123037004,Anatomical Structure,SCT,79368004,Masseter muscle,SCT,7771000,Left,,,,,,,,,,,
temporalis_right,SCT,123037004,Anatomical Structure,SCT,52927003,Temporalis muscle,SCT,24028007,Right,,,,,,,,,,,
temporalis_left,SCT,123037004,Anatomical Structure,SCT,52927003,Temporalis muscle,SCT,7771000,Left,,,,,,,,,,,
digastric_right,SCT,123037004,Anatomical Structure,SCT,52410001,Digastric muscle,SCT,24028007,Right,,,,,,,,,,,
digastric_left,SCT,123037004,Anatomical Structure,SCT,52410001,Digastric muscle,SCT,7771000,Left,,,,,,,,,,,
tongue,SCT,123037004,Anatomical Structure,SCT,21974007,Tongue,,,,,,,,,,,,,,
nasal_cavity_right,SCT,123037004,Anatomical Structure,SCT,279549004,Nasal cavity,SCT,24028007,Right,,,,,,,,,,,
nasal_cavity_left,SCT,123037004,Anatomical Structure,SCT,279549004,Nasal cavity,SCT,7771000,Left,,,,,,,,,,,
eye_right,SCT,123037004,Anatomical Structure,SCT,1290032005,Right eye,,,,,,,,,,,,,,
eye_left,SCT,123037004,Anatomical Structure,SCT,1290031003,Left eye,,,,,,,,,,,,,,
eye_lens_right,SCT,123037004,Anatomical Structure,SCT,72345007,Lens of right eye,,,,,,,,,,,,,,
eye_lens_left,SCT,123037004,Anatomical Structure,SCT,88258005,Lens of left eye,,,,,,,,,,,,,,
optic_nerve_right,SCT,123037004,Anatomical Structure,SCT,18234004,Optic nerve,SCT,24028007,Right,,,,,,,,,,,
optic_nerve_left,SCT,123037004,Anatomical Structure,SCT,18234004,Optic nerve,SCT,7771000,Left,,,,,,,,,,,
parotid_gland_right,SCT,123037004,Anatomical Structure,SCT,45289007,Parotid gland,,,,,,,,,,,,,,
parotid_gland_left,SCT,123037004,Anatomical Structure,SCT,45289007,Parotid gland,,,,,,,,,,,,,,
submandibular_gland_right,SCT,123037004,Anatomical Structure,SCT,54019009,Submandibular gland,SCT,24028007,Right,,,,,,,,,,,
submandibular_gland_left,SCT,123037004,Anatomical Structure,SCT,54019009,Submandibular gland,SCT,7771000,Left,,,,,,,,,,,
nasopharynx,SCT,123037004,Anatomical Structure,SCT,360955006,Nasopharynx,,,,,,,,,,,,,,
oropharynx,SCT,123037004,Anatomical Structure,SCT,31389004,Oropharynx,,,,,,,,,,,,,,
hypopharynx,SCT,123037004,Anatomical Structure,SCT,81502006,Hypopharynx,,,,,,,,,,,,,,
auditory_canal_right,SCT,123037004,Anatomical Structure,SCT,45124007,Right external auditory canal,,,,,,,,,,,,,,
auditory_canal_left,SCT,123037004,Anatomical Structure,SCT,71471005,Left external auditory canal,,,,,,,,,,,,,,
hard_palate,SCT,123037004,Anatomical Structure,SCT,90228003,Hard palate,,,,,,,,,,,,,,
soft_palate,SCT,123037004,Anatomical Structure,SCT,49460000,Soft palate,,,,,,,,,,,,,,
sternocleidomastoid_right,SCT,123037004,Anatomical Structure,SCT,22823000,Sternocleidomastoid muscle,SCT,24028007,Right,,,,,,,,,,,
sternocleidomastoid_left,SCT,123037004,Anatomical Structure,SCT,22823000,Sternocleidomastoid muscle,SCT,7771000,Left,,,,,,,,,,,
superior_pharyngeal_constrictor,SCT,123037004,Anatomical Structure,SCT,82182001,Superior pharyngeal constrictor muscle,,,,,,,,,,,,,,
middle_pharyngeal_constrictor,SCT,123037004,Anatomical Structure,SCT,66138004,Middle pharyngeal constrictor muscle,,,,,,,,,,,,,,
inferior_pharyngeal_constrictor,SCT,123037004,Anatomical Structure,SCT,80461005,Inferior pharyngeal constrictor muscle,,,,,,,,,,,,,,
trapezius_right,SCT,123037004,Anatomical Structure,SCT,31764008,Trapezius muscle,SCT,24028007,Right,,,,,,,,,,,
trapezius_left,SCT,123037004,Anatomical Structure,SCT,31764008,Trapezius muscle,SCT,7771000,Left,,,,,,,,,,,
platysma_right,SCT,123037004,Anatomical Structure,SCT,18252004,Platysma muscle,SCT,24028007,Right,,,,,,,,,,,
platysma_left,SCT,123037004,Anatomical Structure,SCT,18252004,Platysma muscle,SCT,7771000,Left,,,,,,,,,,,
levator_scapulae_right,SCT,123037004,Anatomical Structure,SCT,11327007,Levator scapulae muscle,SCT,24028007,Right,,,,,,,,,,,
levator_scapulae_left,SCT,123037004,Anatomical Structure,SCT,11327007,Levator scapulae muscle,SCT,7771000,Left,,,,,,,,,,,
anterior_scalene_right,SCT,123037004,Anatomical Structure,SCT,50755001,Scalenus anterior muscle,SCT,24028007,Right,,,,,,,,,,,
anterior_scalene_left,SCT,123037004,Anatomical Structure,SCT,50755001,Scalenus anterior muscle,SCT,7771000,Left,,,,,,,,,,,
middle_scalene_right,SCT,123037004,Anatomical Structure,SCT,38630006,Scalenus medius muscle ,SCT,24028007,Right,,,,,,,,,,,
middle_scalene_left,SCT,123037004,Anatomical Structure,SCT,38630006,Scalenus medius muscle ,SCT,7771000,Left,,,,,,,,,,,
posterior_scalene_right,SCT,123037004,Anatomical Structure,SCT,58162002,Scalenus posterior muscle,SCT,24028007,Right,,,,,,,,,,,
posterior_scalene_left,SCT,123037004,Anatomical Structure,SCT,58162002,Scalenus posterior muscle,SCT,7771000,Left,,,,,,,,,,,
sterno_thyroid_right,SCT,123037004,Anatomical Structure,SCT,1087003,Sternothyroid muscle,SCT,24028007,Right,,,,,,,,,,,
sterno_thyroid_left,SCT,123037004,Anatomical Structure,SCT,1087003,Sternothyroid muscle,SCT,7771000,Left,,,,,,,,,,,
thyrohyoid_right,SCT,123037004,Anatomical Structure,SCT,113226007,Thyrohyoid muscle,SCT,24028007,Right,,,,,,,,,,,
thyrohyoid_left,SCT,123037004,Anatomical Structure,SCT,113226007,Thyrohyoid muscle,SCT,7771000,Left,,,,,,,,,,,
prevertebral_right,SCT,123037004,Anatomical Structure,SCT,714472006,Anterior vertebral muscle of neck,SCT,24028007,Right,,,,,,,,,,,
prevertebral_left,SCT,123037004,Anatomical Structure,SCT,714472006,Anterior vertebral muscle of neck,SCT,7771000,Left,,,,,,,,,,,
ventricle_frontal_horn_right,SCT,123037004,Anatomical Structure,SCT,30399003,Anterior horn of lateral ventricle,SCT,24028007,Right,,,,,,,,,,,
ventricle_frontal_horn_left,SCT,123037004,Anatomical Structure,SCT,30399003,Anterior horn of lateral ventricle,SCT,7771000,Left,,,,,,,,,,,
ventricle_body_right,SCT,123037004,Anatomical Structure,SCT,34803007,Body of lateral ventricle,SCT,24028007,Right,,,,,,,,,,,
ventricle_body_left,SCT,123037004,Anatomical Structure,SCT,34803007,Body of lateral ventricle,SCT,7771000,Left,,,,,,,,,,,
ventricle_temporal_horn_right,SCT,123037004,Anatomical Structure,SCT,53118009,Inferior horn of lateral ventricle,SCT,24028007,Right,,,,,,,,,,,
ventricle_temporal_horn_left,SCT,123037004,Anatomical Structure,SCT,53118009,Inferior horn of lateral ventricle,SCT,7771000,Left,,,,,,,,,,,
ventricle_trigone_right,SCT,123037004,Anatomical Structure,NEU,217,Collateral trigone,SCT,24028007,Right,,,,,,,,,,,
ventricle_trigone_left,SCT,123037004,Anatomical Structure,NEU,217,Collateral trigone,SCT,7771000,Left,,,,,,,,,,,
ventricle_occipital_horn_right,SCT,123037004,Anatomical Structure,SCT,52943005,Posterior horn of lateral ventricle,SCT,24028007,Right,,,,,,,,,,,
ventricle_occipital_horn_left,SCT,123037004,Anatomical Structure,SCT,52943005,Posterior horn of lateral ventricle,SCT,7771000,Left,,,,,,,,,,,
third_ventricle,SCT,123037004,Anatomical Structure,SCT,49841001,Third ventricle,,,,,,,,,,,,,,
fourth_ventricle,SCT,123037004,Anatomical Structure,SCT,35918002,Fourth ventricle,,,,,,,,,,,,,,
brainstem,SCT,123037004,Anatomical Structure,SCT,15926001,Brainstem,,,,,,,,,,,,,,
subarachnoid_space,SCT,123037004,Anatomical Structure,SCT,35951006,Subarachnoid space,,,,,,,,,,,,,,
venous_sinuses,SCT,123037004,Anatomical Structure,SCT,80334009,Venous sinus,,,,,,,,,,,,,,
septum_pellucidum,SCT,123037004,Anatomical Structure,SCT,70146006,Septum pellucidum,,,,,,,,,,,,,,
cerebellum,SCT,123037004,Anatomical Structure,SCT,113305005,Cerebellum,,,,,,,,,,,,,,
caudate_nucleus,SCT,123037004,Anatomical Structure,SCT,11000004,Caudate nucleus,,,,,,,,,,,,,,
lentiform_nucleus,SCT,123037004,Anatomical Structure,SCT,41648007,Lentiform nucleus,,,,,,,,,,,,,,
internal_capsule,SCT,123037004,Anatomical Structure,SCT,85637007,Internal capsule of brain,,,,,,,,,,,,,,
insular_cortex,SCT,123037004,Anatomical Structure,SCT,36169008,Insula,,,,,,,,,,,,,,
ventricle,SCT,123037004,Anatomical Structure,SCT,35764002,Brain ventricle,,,,,,,,,,,,,,
central_sulcus,SCT,123037004,Anatomical Structure,SCT,28294002,Central sulcus,,,,,,,,,,,,,,
frontal_lobe,SCT,123037004,Anatomical Structure,SCT,83251001,Frontal lobe,,,,,,,,,,,,,,
parietal_lobe,SCT,123037004,Anatomical Structure,SCT,16630005,Parietal lobe,,,,,,,,,,,,,,
occipital_lobe,SCT,123037004,Anatomical Structure,SCT,31065004,Occipital lobe,,,,,,,,,,,,,,
temporal_lobe,SCT,123037004,Anatomical Structure,SCT,78277001,Temporal lobe,,,,,,,,,,,,,,
thalamus,SCT,123037004,Anatomical Structure,SCT,119406000,Thalamus,,,,,,,,,,,,,,
left_ventricular_outflow_tract,SCT,123037004,Anatomical Structure,SCT,13418002,Left ventricle outflow tract,,,,,,,,,,,,,,
right_coronary_cusp,SCT,123037004,Anatomical Structure,SCT,45324002,Right cusp of aortic valve,,,,,,,,,,,,,,
left_coronary_cusp,SCT,123037004,Anatomical Structure,SCT,63059004,Left cusp of aortic valve,,,,,,,,,,,,,,
non_coronary_cusp,SCT,123037004,Anatomical Structure,SCT,69374003,Posterior cusp of aortic valve,,,,,,,,,,,,,,
eyeball_right,SCT,123037004,Anatomical Structure,SCT,79652003,Eyeball,SCT,24028007,Right,,,,,,,,,,,
eyeball_left,SCT,123037004,Anatomical Structure,SCT,79652003,Eyeball,SCT,7771000,Left,,,,,,,,,,,
lateral_rectus_muscle_right,SCT,123037004,Anatomical Structure,SCT,31836009,Lateral rectus muscle,SCT,24028007,Right,,,,,,,,,,,
lateral_rectus_muscle_left,SCT,123037004,Anatomical Structure,SCT,31836009,Lateral rectus muscle,SCT,7771000,Left,,,,,,,,,,,
superior_oblique_muscle_right,SCT,123037004,Anatomical Structure,SCT,66041005,Superior oblique muscle,SCT,24028007,Right,,,,,,,,,,,
superior_oblique_muscle_left,SCT,123037004,Anatomical Structure,SCT,66041005,Superior oblique muscle,SCT,7771000,Left,,,,,,,,,,,
levator_palpebrae_superioris_right,SCT,123037004,Anatomical Structure,SCT,58641002,Superior levator palpebrae muscle,SCT,24028007,Right,,,,,,,,,,,
levator_palpebrae_superioris_left,SCT,123037004,Anatomical Structure,SCT,58641002,Superior levator palpebrae muscle,SCT,7771000,Left,,,,,,,,,,,
superior_rectus_muscle_right,SCT,123037004,Anatomical Structure,SCT,5815008,Superior rectus muscle,SCT,24028007,Right,,,,,,,,,,,
superior_rectus_muscle_left,SCT,123037004,Anatomical Structure,SCT,5815008,Superior rectus muscle,SCT,7771000,Left,,,,,,,,,,,
medial_rectus_muscle_right,SCT,123037004,Anatomical Structure,SCT,24937009,Medial rectus muscle,SCT,24028007,Right,,,,,,,,,,,
medial_rectus_muscle_left,SCT,123037004,Anatomical Structure,SCT,24937009,Medial rectus muscle,SCT,7771000,Left,,,,,,,,,,,
inferior_oblique_muscle_right,SCT,123037004,Anatomical Structure,SCT,57516003,Inferior oblique muscle,SCT,24028007,Right,,,,,,,,,,,
inferior_oblique_muscle_left,SCT,123037004,Anatomical Structure,SCT,57516003,Inferior oblique muscle,SCT,7771000,Left,,,,,,,,,,,
inferior_rectus_muscle_right,SCT,123037004,Anatomical Structure,SCT,47869003,Inferior rectus muscle,SCT,24028007,Right,,,,,,,,,,,
inferior_rectus_muscle_left,SCT,123037004,Anatomical Structure,SCT,47869003,Inferior rectus muscle,SCT,7771000,Left,,,,,,,,,,,
deltoid,SCT,123037004,Anatomical Structure,SCT,35259002,Deltoid muscle,,,,,,,,,,,,,,
supraspinatus,SCT,123037004,Anatomical Structure,SCT,6423006,Supraspinatus muscle,,,,,,,,,,,,,,
infraspinatus,SCT,123037004,Anatomical Structure,SCT,72573008,Infraspinatus muscle,,,,,,,,,,,,,,
subscapularis,SCT,123037004,Anatomical Structure,SCT,90588001,Subscapularis muscle,,,,,,,,,,,,,,
coracobrachial,SCT,123037004,Anatomical Structure,SCT,44202005,Coracobrachialis muscle,,,,,,,,,,,,,,
trapezius,SCT,123037004,Anatomical Structure,SCT,31764008,Trapezius muscle,,,,,,,,,,,,,,
pectoralis_minor,SCT,123037004,Anatomical Structure,SCT,18686000,Pectoralis minor muscle,,,,,,,,,,,,,,
serratus_anterior,SCT,123037004,Anatomical Structure,SCT,18346003,Serratus anterior muscle,,,,,,,,,,,,,,
teres_major,SCT,123037004,Anatomical Structure,SCT,1193009,Teres major muscle,,,,,,,,,,,,,,
triceps_brachii,SCT,123037004,Anatomical Structure,SCT,40284004,Triceps brachii muscle,,,,,,,,,,,,,,
larynx_air,SCT,91720002,Body Substance,SCT,15158005,Air,,,,SCT,4596009,Larynx,,,,,,,,
thyroid_cartilage,SCT,123037004,Anatomical Structure,SCT,52940008,Thyroid cartilage,,,,,,,,,,,,,,
hyoid,SCT,123037004,Anatomical Structure,SCT,21387005,Hyoid bone,,,,,,,,,,,,250,210,139
cricoid_cartilage,SCT,123037004,Anatomical Structure,SCT,8600008,Cricoid cartilage,,,,,,,,,,,,,,
zygomatic_arch_right,SCT,123037004,Anatomical Structure,SCT,51204001,Zygomatic arch,SCT,24028007,Right,,,,,,,,,,,
zygomatic_arch_left,SCT,123037004,Anatomical Structure,SCT,51204001,Zygomatic arch,SCT,7771000,Left,,,,,,,,,,,
styloid_process_right,SCT,123037004,Anatomical Structure,SCT,279226000,Styloid process of skull,SCT,24028007,Right,,,,,,,,,,,
styloid_process_left,SCT,123037004,Anatomical Structure,SCT,279226000,Styloid process of skull,SCT,7771000,Left,,,,,,,,,,,
internal_carotid_artery_right,SCT,123037004,Anatomical Structure,SCT,86117002,Internal carotid artery,SCT,24028007,Right,,,,,,,,,,,
internal_carotid_artery_left,SCT,123037004,Anatomical Structure,SCT,86117002,Internal carotid artery,SCT,7771000,Left,,,,,,,,,,,
internal_jugular_vein_right,SCT,123037004,Anatomical Structure,SCT,12123001,Internal jugular vein,SCT,24028007,Right,,,,,,,,,,,
internal_jugular_vein_left,SCT,123037004,Anatomical Structure,SCT,12123001,Internal jugular vein,SCT,7771000,Left,,,,,,,,,,,
liver_segment_1,SCT,123037004,Anatomical Structure,SCT,71133005,Caudate lobe of liver,,,,,,,,,,,,,,
liver_segment_2,SCT,123037004,Anatomical Structure,SCT,277956007,Couinaud hepatic segment II,,,,,,,,,,,,,,
liver_segment_3,SCT,123037004,Anatomical Structure,SCT,277957003,Couinaud hepatic segment III,,,,,,,,,,,,,,
liver_segment_4,SCT,123037004,Anatomical Structure,SCT,277958008,Couinaud hepatic segment IV,,,,,,,,,,,,,,
liver_segment_5,SCT,123037004,Anatomical Structure,SCT,277959000,Couinaud hepatic segment V,,,,,,,,,,,,,,
liver_segment_6,SCT,123037004,Anatomical Structure,SCT,277960005,Couinaud hepatic segment VI,,,,,,,,,,,,,,
liver_segment_7,SCT,123037004,Anatomical Structure,SCT,277961009,Couinaud hepatic segment VII,,,,,,,,,,,,,,
liver_segment_8,SCT,123037004,Anatomical Structure,SCT,277962002,Couinaud hepatic segment VIII,,,,,,,,,,,,,,
lung,SCT,123037004,Anatomical Structure,SCT,39607008,Lung,,,,,,,,,,,,,,
lung_nodules,SCT,123037004,Anatomical Structure,SCT,786838002,Lung nodule,,,,,,,,,,,,,,
breast,SCT,123037004,Anatomical Structure,SCT,76752008,Breast,,,,,,,,,,,,,,
